date	area	type	description	file
2026-06-29	surface	verify	Surface refactor verified end-to-end through LLVM codegen. kain check PASS (0 errors) for custom surfaces (kaintana, totally_custom_surface). kain build --target llvm produces IR with slot 18 probe (getelementptr i32 18) + icmp ne + br for both GPU and component paths. Zero old enum refs in IR. Pre-existing hex float bug found in GPU path (0x1.4p+10 crashes llc).	blades/private/surface_test.kn, surface_test_RESULTS.md
2026-06-29	surface	refactor	World surface refactor COMPLETE: enum WorldSurfaceKind deleted from AST, parser accepts any identifier, typechecker uses HashSet<String>, codegen merged with slot 18 runtime branch, compile_shader_surface_loop removed, SPIR-V compile-time helper added. All consumers updated (runtime_contract HashMap, driver stringify, bundle stringify, import test, error specs, semantic). 17 files changed, ~200 lines. cargo check --workspace: 0 new errors. Bazel build: SUCCESS (9m). Sync: OK 72.5MB.	krates/core/src/, crates/sys-codegen/, crates/driver/, crates/import/, crates/error/, crates/lattice/, crates/semantic/
2026-06-29	surface	debate	Full 6-round debate on world surfaces. Consensus: delete enum, trust runtime's string-keyed registry. Breakthrough research lab session explored richer surface descriptor alternatives. SPEC completed: 4-phase implementation plan (ALPHA/CHARLIE/BRAVO/DELTA), 22 tasks, ~7.5h effort. Three crates agents independently scanned 27-32 files. kain-writer independent opinion (CONSENSUS2) confirmed direction.	research/world_surfaces/
2026-06-29	stdlib	complete	Kaintana stdlib COMPLETE: 30 files, ~4,261 lines, all kain check clean. P0: core.kn (49 @extern bindings), Widget.kn, theme.kn (KtColor/KtTheme/DEFAULT_THEME+LIGHT). P1: layout.kn (HStack/VStack/ZStack/Grid/Spacer/Padding), animation.kn (Spring/Tween/6 easings), hooks.kn, Button.kn (4 variants), Label.kn. P2: Checkbox/TextInput/Toggle/ProgressBar/Spinner/Divider/ScrollView/Tooltip, input.kn, color.kn (27 blends), dpi.kn, surface.kn. P3: 4 example apps (counter, animated_button, scrollable_list, dashboard) + 4 test suites (41 tests).	stdlib/kaintana/
2026-06-29	stdlib	tests	30 Kaintana test applications built across 6 agents. Each produces .exe via C API + build.py --backend win32, Oracle-verified pixels on screen. Covers: widgets, layout, animation, interaction (click/hover/drag/focus), spring physics, particle system, scroll inertia, tabs, forms, data viz, stress (500 elements). All pass.	stdlib/tests/
2026-06-29	stdlib	debug	Debug infrastructure: kaintana_debug.h created (kt_debug_dump_fb, kt_debug_print_stats, KT_DEBUG_LOG). Makefile debug-% pattern rule added. build.py --debug flag added. box_math.c STRETCH mode bug fixed. draw_pixels.c draw_batch reset bug fixed.	ui_v2/
2026-06-29	demo	verified	demo_dashboard.exe working with live animation. BUG-001 fix corrected: win32_render early-return no longer presents or clears dirty state — preserves g_full_dirty for subsequent direct-fb present. Oracle confirmed pixels with delta.	examples/demo_dashboard.c, host_win32.c
2026-06-29	audit	complete	6 crate agents completed reference audits vs Yoga, Slint, Xilem, ImGui, Nuklear, microui, Clay, Vello, egui. Found: 3 critical layout bugs (one-shot distribution, auto-min sizing, flex-basis padding), 4 critical API/backend bugs (input bridge, time_ms, backend_probe init, text overwrite), 1 merge bug (BUG-023 cmd.h→cmd.w), 1 critical API gap (no hit testing — added kt_hovered/kt_clicked/kt_active). HOTLIST.tsv created with 19 items from data-driven constant audit.	z__audit/
2026-06-29	backend	plans	7 backend planning documents created: X11 (877L), Wayland (1142L), Vulkan (430L, v2 rewritten for ABI library), D3D12 (430L, v2), WebGPU (470L, v2), macOS (773L), WASM (1005L). All include: architecture, DPI strategy, input mapping, framebuffer, rendering, clipboard, task plans, risk assessment, contract.tsv cross-ref.	vulkan/d3d12/webgpu plans rewritten to use 24-slot KainComponentSurface via existing ABI libraries + surface shims.	backends/
2026-06-29	surface	verify	Re-verified surface refactor with fresh binary. kain check: 0 errors for custom surfaces. kain build --target llvm: IR generated with slot 18 probes + custom name strings. No old enum refs in IR. BUG-CODEGEN-001 still present (hex float confirmed on fresh binary).	blades/private/surface_reverify.md
2026-06-30	plumber	bugfix	Fixed 3 codegen bugs: BUG-CODEGEN-001 (hex float 0x1.4p+10→1280.0, 0x1.68p+9→720.0 in component.rs:949,955), BUG-CODEGEN-002 (deleted dead compile_shader_surface_loop 309 lines + 34 TSV rows), BUG-SURFACE-002 (stale comment fix mod.rs:14353). Bazel build SUCCESS (9m34s). Sync OK. Hex float verified gone from LLVM IR. NOTE: Pre-existing function redefinition bug found — world with 2 surfaces generates duplicate __kain_world_surface_loop_Main (compile_surface_frame_loop uses world name, not surface name). Not in scope for this fix.	crates/sys-codegen/src/codegen_llvm/
2026-07-04	clang	progress	Clang C-only build attempted. Built 20 LLVM libs (X86+AArch64 targets). Created CMake config with clang++/clang-cl workaround. Generated AArch64 target parser data (2837 lines from .td). Created 30+ forwarding headers and .inc stubs for clangBasic. clangOptions builds with 4 remaining diag errors. clang-tblgen stub created. Build2 dir avoids previous file lock issues.	clang/
