score,kind,file,function,start_line,evidence_line,details,excerpt
95,plain-init-race,actor.c,kain_actor_runtime_init,1231,1238,"lazy init flag is checked and/or written without lock, once primitive, or atomic guard",/* || * Initialize Actor Runtime || *
95,plain-init-race,actor.c,kain_actor_runtime_ensure_initialized,1265,1266,"lazy init flag is checked and/or written without lock, once primitive, or atomic guard",static void kain_actor_runtime_ensure_initialized(void) { || if (!g_actor_runtime_initialized) { || kain_actor_runtime_init();
95,plain-init-race,attrition.c,kain_attrition_init_once,242,247,"lazy init flag is checked and/or written without lock, once primitive, or atomic guard","static BOOL CALLBACK kain_attrition_init_once(PINIT_ONCE init_once, PVOID parameter, PVOID* context) { || (void)init_once; || (void)parameter;"
95,plain-init-race,attrition.c,kain_attrition_init_once,251,253,"lazy init flag is checked and/or written without lock, once primitive, or atomic guard","static void kain_attrition_init_once(void) { || pthread_mutex_init(&g_kain_attrition_state.lock, NULL); || g_kain_attrition_state.initialized = 1;"
95,plain-init-race,core.c,init_winsock,1883,1884,"lazy init flag is checked and/or written without lock, once primitive, or atomic guard",static void init_winsock(void) { || static int initialized = 0; || if (!initialized) {
95,plain-init-race,fanout.c,kain_fanout_runtime_init,200,203,"lazy init flag is checked and/or written without lock, once primitive, or atomic guard",static int kain_fanout_runtime_init(void) { || KainFanoutRuntime* runtime = &g_kain_fanout_runtime; || if (runtime->initialized) {
95,plain-init-race,host_bridge.c,kain_host_bridge_registry_init,55,61,"lazy init flag is checked and/or written without lock, once primitive, or atomic guard",void kain_host_bridge_registry_init(KainHostBridgeRegistry* registry) { || if (!registry) { || return;
95,plain-init-race,net_system.c,abi_net_init_winsock,466,467,"lazy init flag is checked and/or written without lock, once primitive, or atomic guard",static void abi_net_init_winsock(void) { || static int initialized = 0; || if (!initialized) {
95,plain-init-race,services.c,kain_service_registry_init,605,611,"lazy init flag is checked and/or written without lock, once primitive, or atomic guard",void kain_service_registry_init(KainServiceRegistry* registry) { || if (!registry) { || return;
92,shared-slot-overwrite,contract.c,contract_add_warning,284,296,count-derived slot selection and count increment both happen without synchronization,"static void contract_add_warning( || KainRuntimeContractValidation* validation, || const char* warning"
92,shared-slot-overwrite,core.c,kain_map_rebuild_tiny_dispatch,1075,1102,count-derived slot selection and count increment both happen without synchronization,static void kain_map_rebuild_tiny_dispatch(KainMap* map) { || uint64_t fingerprints[KAIN_MAP_TINY_MAX_COUNT]; || uint8_t entry_indices[KAIN_MAP_TINY_MAX_COUNT];
92,shared-slot-overwrite,diagnostics.c,kain_diagnostic_collector_add,157,171,count-derived slot selection and count increment both happen without synchronization,"int kain_diagnostic_collector_add( || KainDiagnosticCollector* collector, || const KainDiagnostic* diag"
92,shared-slot-overwrite,entangle.c,entangle_registry_register,31,74,count-derived slot selection and count increment both happen without synchronization,"int entangle_registry_register( || const char* authority, || const char* mirror,"
92,shared-slot-overwrite,graphics_system.c,abi_graphics_draw_mesh,1141,1176,count-derived slot selection and count increment both happen without synchronization,"int64_t abi_graphics_draw_mesh( || int64_t session_id, || int64_t pipeline_id,"
92,shared-slot-overwrite,host_bridge.c,kain_host_bridge_module_add_required_service,82,94,count-derived slot selection and count increment both happen without synchronization,"int kain_host_bridge_module_add_required_service( || KainHostBridgeModuleDescriptor* descriptor, || const char* service_key"
92,shared-slot-overwrite,host_bridge.c,kain_host_bridge_install_module,163,211,count-derived slot selection and count increment both happen without synchronization,"int kain_host_bridge_install_module( || KainHostBridgeRegistry* registry, || const KainServiceRegistry* runtime_services,"
92,shared-slot-overwrite,host_bridge.c,kain_host_bridge_register_service,306,364,count-derived slot selection and count increment both happen without synchronization,"int kain_host_bridge_register_service( || KainHostBridgeRegistry* registry, || const KainHostBridgeServiceDescriptor* descriptor,"
92,shared-slot-overwrite,input_system.c,abi_input_name_add,148,159,count-derived slot selection and count increment both happen without synchronization,"static int abi_input_name_add(char names[][ABI_INPUT_MAX_KEY], int64_t* count, int64_t capacity, const char* name) { || if (abi_input_text_empty(name)) { || return 0;"
92,shared-slot-overwrite,input_system.c,abi_input_axis_add,239,254,count-derived slot selection and count increment both happen without synchronization,"static int abi_input_axis_add(KainNativeInputSession* session, const char* axis, double value) { || int64_t i; || if (!session || abi_input_text_empty(axis)) {"
92,shared-slot-overwrite,input_system.c,abi_input_reduce_event,298,309,count-derived slot selection and count increment both happen without synchronization,"static void abi_input_reduce_event(KainNativeInputSession* session, const KainNativeInputEvent* event) { || const KainNativeInputBinding* action_binding; || const KainNativeInputBinding* axis_binding;"
92,shared-slot-overwrite,input_system.c,abi_input_bind_action,404,423,count-derived slot selection and count increment both happen without synchronization,"int64_t abi_input_bind_action( || int64_t session_id, || const char* source_kind,"
92,shared-slot-overwrite,input_system.c,abi_input_bind_axis,434,454,count-derived slot selection and count increment both happen without synchronization,"int64_t abi_input_bind_axis( || int64_t session_id, || const char* source_kind,"
92,shared-slot-overwrite,input_system.c,abi_input_push_event,465,487,count-derived slot selection and count increment both happen without synchronization,"int64_t abi_input_push_event( || int64_t session_id, || const char* source_kind,"
92,shared-slot-overwrite,input_system.c,abi_input_push_agent_intent,506,525,count-derived slot selection and count increment both happen without synchronization,"int64_t abi_input_push_agent_intent( || int64_t session_id, || const char* source_id,"
92,shared-slot-overwrite,input_system.c,abi_input_replay_trace,672,698,count-derived slot selection and count increment both happen without synchronization,"int64_t abi_input_replay_trace(int64_t session_id, const char* trace_text) { || char* buffer; || char* line;"
92,shared-slot-overwrite,json.c,json_object_set_value,360,382,count-derived slot selection and count increment both happen without synchronization,"static void json_object_set_value(KainJsonValue* object, const char* key, KainJsonValue* value) { || int64_t i; || if (!object || object->kind != KAIN_JSON_OBJECT || !key || !value) {"
92,shared-slot-overwrite,json.c,json_parse_array,683,698,count-derived slot selection and count increment both happen without synchronization,} || static KainJsonValue* json_parse_array(KainJsonParser* parser) { || KainJsonValue* array = json_value_new(KAIN_JSON_ARRAY);
92,shared-slot-overwrite,json.c,json_parse_value_inner,750,921,count-derived slot selection and count increment both happen without synchronization,static KainJsonValue* json_parse_value_inner(KainJsonParser* parser) { || char* text; || json_skip_ws(parser);
92,shared-slot-overwrite,net_system.c,abi_net_set_header,1039,1054,count-derived slot selection and count increment both happen without synchronization,"static void abi_net_set_header(KainNativeNetHeader* headers, int64_t* header_count, const char* key, const char* value) { || int64_t index; || if (headers == 0 || header_count == 0 || key == 0 || key[0] == '\0') {"
92,shared-slot-overwrite,net_system.c,abi_http_server_route_actor,2286,2296,count-derived slot selection and count increment both happen without synchronization,"int64_t abi_http_server_route_actor(int64_t server_id, const char* method, const char* path, int64_t actor_id, const char* message_kind) { || KainNativeHttpServer* server = abi_net_server(server_id); || KainNativeHttpRoute* route;"
92,shared-slot-overwrite,process_system.c,abi_process_wide_entry_list_push,969,1000,count-derived slot selection and count increment both happen without synchronization,"static int abi_process_wide_entry_list_push( || KainNativeProcessWideEntryList* list, || wchar_t* entry"
92,shared-slot-overwrite,process_system.c,abi_process_spec_append_direct_arg,1561,1573,count-derived slot selection and count increment both happen without synchronization,"static int abi_process_spec_append_direct_arg( || KainNativeProcessSpec* spec, || const char* argument"
92,shared-slot-overwrite,process_system.c,abi_process_spec_add_arg,2246,2272,count-derived slot selection and count increment both happen without synchronization,"int64_t abi_process_spec_add_arg(int64_t spec_id, const char* argument) { || KainNativeProcessSpec* spec = abi_process_spec_lookup(spec_id); || if (spec == 0) {"
92,shared-slot-overwrite,process_system.c,abi_process_spec_set_env,2296,2329,count-derived slot selection and count increment both happen without synchronization,"int64_t abi_process_spec_set_env(int64_t spec_id, const char* key, const char* value) { || KainNativeProcessSpec* spec = abi_process_spec_lookup(spec_id); || int64_t index;"
92,shared-slot-overwrite,realtime.c,realtime_count_array_objects,235,314,count-derived slot selection and count increment both happen without synchronization,"static int realtime_count_array_objects( || const char* array_start, || const char* array_end"
92,shared-slot-overwrite,reflection.c,kain_reflection_get_items_by_kind,463,478,count-derived slot selection and count increment both happen without synchronization,"int kain_reflection_get_items_by_kind( || const KainReflectionPayload* payload, || KainItemKind kind,"
92,shared-slot-overwrite,reflection.c,json_parse,682,1441,count-derived slot selection and count increment both happen without synchronization,"/* Minimal JSON parser implementation */ || static int json_parse(JsonParser* parser, const char* json) { || parser->json = json;"
92,shared-slot-overwrite,scene.c,kain_scene_query_result_append_hit,120,131,count-derived slot selection and count increment both happen without synchronization,"int kain_scene_query_result_append_hit( || KainSceneQueryResult* result, || const KainSceneQueryHit* hit"
92,shared-slot-overwrite,services.c,kain_service_registry_register,646,685,count-derived slot selection and count increment both happen without synchronization,"int kain_service_registry_register( || KainServiceRegistry* registry, || const char* key,"
92,shared-slot-overwrite,stdlib_abi.c,abi_patch_record_i64,1190,1197,count-derived slot selection and count increment both happen without synchronization,"int64_t abi_patch_record_i64(const char* patch_name, const char* path, int64_t old_value, int64_t new_value) { || KainNativePatchJournalEntry* entry; || /* Proof: runtime/native/src/core/z3/proofs/native-stdlib-patch-journal-count-stays-within-capacity.yaml */"
88,lost-update-counter,actor.c,kain_actor_mailbox_cache_or_free_node,1537,1550,count-like state mutates without lock or atomic primitive,"static void kain_actor_mailbox_cache_or_free_node(KainActorMailbox* mailbox, MessageNode* node) { || if (node == NULL) { || return;"
88,lost-update-counter,actor.c,kain_actor_mailbox_append_copied_locked,1556,1605,count-like state mutates without lock or atomic primitive,"static int kain_actor_mailbox_append_copied_locked( || KainActorMailbox* mailbox, || const KainActorMessage* message"
88,lost-update-counter,attrition.c,kain_attrition_record_event_locked,185,196,count-like state mutates without lock or atomic primitive,"static void kain_attrition_record_event_locked(uint32_t kind, uint32_t aux, uint64_t arg0, uint64_t arg1, uint64_t arg2) { || KainAttritionEvent* event = &g_kain_attrition_state.events[g_kain_attrition_state.event_next_index]; || event->event_index = g_kain_attrition_state.event_write_count + 1u;"
88,lost-update-counter,attrition.c,kain_attrition_fragmentation_noise_locked,198,224,count-like state mutates without lock or atomic primitive,static void kain_attrition_fragmentation_noise_locked(void) { || uint64_t max_bytes = g_kain_attrition_state.config.fragmentation_noise_max_bytes; || void* noise_block;
88,lost-update-counter,attrition.c,kain_attrition_heap_release,559,591,count-like state mutates without lock or atomic primitive,"int kain_attrition_heap_release(void* raw_header, size_t total_bytes) { || size_t slot; || KainAttritionQuarantineEntry* entry;"
88,lost-update-counter,contract.c,contract_add_warning,284,300,count-like state mutates without lock or atomic primitive,"static void contract_add_warning( || KainRuntimeContractValidation* validation, || const char* warning"
88,lost-update-counter,contract.c,contract_count_array_objects,314,349,count-like state mutates without lock or atomic primitive,"static int contract_count_array_objects( || const char* array_start, || const char* array_end"
88,lost-update-counter,core.c,rc_retain,149,165,count-like state mutates without lock or atomic primitive,void rc_retain(void* ptr) { || RcHeader* header; || if (!ptr || kain_rc_is_immediate_handle(ptr)) return;
88,lost-update-counter,core.c,rc_weak_retain,168,171,count-like state mutates without lock or atomic primitive,void rc_weak_retain(void* ptr) { || if (!ptr || kain_rc_is_immediate_handle(ptr)) return; || get_header(ptr)->weak_count++;
88,lost-update-counter,core.c,weak_upgrade,224,242,count-like state mutates without lock or atomic primitive,void* weak_upgrade(void* ptr) { || RcHeader* header; || if (!ptr) return NULL;
88,lost-update-counter,core.c,kain_map_rebuild_tiny_dispatch,1075,1108,count-like state mutates without lock or atomic primitive,static void kain_map_rebuild_tiny_dispatch(KainMap* map) { || uint64_t fingerprints[KAIN_MAP_TINY_MAX_COUNT]; || uint8_t entry_indices[KAIN_MAP_TINY_MAX_COUNT];
88,lost-update-counter,core.c,kain_map_insert_prehashed,1459,1495,count-like state mutates without lock or atomic primitive,"static int kain_map_insert_prehashed( || KainMap* map, || char* key,"
88,lost-update-counter,diagnostics.c,kain_diagnostic_collector_add,157,172,count-like state mutates without lock or atomic primitive,"int kain_diagnostic_collector_add( || KainDiagnosticCollector* collector, || const KainDiagnostic* diag"
88,lost-update-counter,entangle.c,entangle_registry_register,31,75,count-like state mutates without lock or atomic primitive,"int entangle_registry_register( || const char* authority, || const char* mirror,"
88,lost-update-counter,graphics_system.c,abi_graphics_session_count,523,529,count-like state mutates without lock or atomic primitive,int64_t abi_graphics_session_count(void) { || int64_t index; || int64_t count = 0;
88,lost-update-counter,graphics_system.c,abi_graphics_buffer_create,661,712,count-like state mutates without lock or atomic primitive,"int64_t abi_graphics_buffer_create( || int64_t session_id, || const char* kind,"
88,lost-update-counter,graphics_system.c,abi_graphics_shader_register_bytes,801,866,count-like state mutates without lock or atomic primitive,"static int64_t abi_graphics_shader_register_bytes( || int64_t session_id, || const char* key,"
88,lost-update-counter,graphics_system.c,abi_graphics_mesh_create,968,1019,count-like state mutates without lock or atomic primitive,"int64_t abi_graphics_mesh_create( || int64_t session_id, || const char* label,"
88,lost-update-counter,graphics_system.c,abi_graphics_pipeline_create,1049,1109,count-like state mutates without lock or atomic primitive,"int64_t abi_graphics_pipeline_create( || int64_t session_id, || const char* label,"
88,lost-update-counter,graphics_system.c,abi_graphics_draw_mesh,1141,1182,count-like state mutates without lock or atomic primitive,"int64_t abi_graphics_draw_mesh( || int64_t session_id, || int64_t pipeline_id,"
88,lost-update-counter,host_bridge.c,kain_host_bridge_module_add_required_service,82,98,count-like state mutates without lock or atomic primitive,"int kain_host_bridge_module_add_required_service( || KainHostBridgeModuleDescriptor* descriptor, || const char* service_key"
88,lost-update-counter,host_bridge.c,kain_host_bridge_install_module,163,215,count-like state mutates without lock or atomic primitive,"int kain_host_bridge_install_module( || KainHostBridgeRegistry* registry, || const KainServiceRegistry* runtime_services,"
88,lost-update-counter,host_bridge.c,kain_host_bridge_register_service,306,366,count-like state mutates without lock or atomic primitive,"int kain_host_bridge_register_service( || KainHostBridgeRegistry* registry, || const KainHostBridgeServiceDescriptor* descriptor,"
88,lost-update-counter,host_bridge.c,kain_host_bridge_count_services_for_module,401,413,count-like state mutates without lock or atomic primitive,"int kain_host_bridge_count_services_for_module( || const KainHostBridgeRegistry* registry, || const char* module_id"
88,lost-update-counter,input_system.c,abi_input_name_add,148,160,count-like state mutates without lock or atomic primitive,"static int abi_input_name_add(char names[][ABI_INPUT_MAX_KEY], int64_t* count, int64_t capacity, const char* name) { || if (abi_input_text_empty(name)) { || return 0;"
88,lost-update-counter,input_system.c,abi_input_axis_add,239,256,count-like state mutates without lock or atomic primitive,"static int abi_input_axis_add(KainNativeInputSession* session, const char* axis, double value) { || int64_t i; || if (!session || abi_input_text_empty(axis)) {"
88,lost-update-counter,input_system.c,abi_input_reduce_event,298,313,count-like state mutates without lock or atomic primitive,"static void abi_input_reduce_event(KainNativeInputSession* session, const KainNativeInputEvent* event) { || const KainNativeInputBinding* action_binding; || const KainNativeInputBinding* axis_binding;"
88,lost-update-counter,input_system.c,abi_input_session_count,392,398,count-like state mutates without lock or atomic primitive,int64_t abi_input_session_count(void) { || int i; || int64_t count = 0;
88,lost-update-counter,input_system.c,abi_input_bind_action,404,423,count-like state mutates without lock or atomic primitive,"int64_t abi_input_bind_action( || int64_t session_id, || const char* source_kind,"
88,lost-update-counter,input_system.c,abi_input_bind_axis,434,454,count-like state mutates without lock or atomic primitive,"int64_t abi_input_bind_axis( || int64_t session_id, || const char* source_kind,"
88,lost-update-counter,input_system.c,abi_input_push_event,465,487,count-like state mutates without lock or atomic primitive,"int64_t abi_input_push_event( || int64_t session_id, || const char* source_kind,"
88,lost-update-counter,input_system.c,abi_input_push_agent_intent,506,525,count-like state mutates without lock or atomic primitive,"int64_t abi_input_push_agent_intent( || int64_t session_id, || const char* source_id,"
88,lost-update-counter,input_system.c,abi_input_replay_trace,672,698,count-like state mutates without lock or atomic primitive,"int64_t abi_input_replay_trace(int64_t session_id, const char* trace_text) { || char* buffer; || char* line;"
88,lost-update-counter,json.c,json_object_set_value,360,388,count-like state mutates without lock or atomic primitive,"static void json_object_set_value(KainJsonValue* object, const char* key, KainJsonValue* value) { || int64_t i; || if (!object || object->kind != KAIN_JSON_OBJECT || !key || !value) {"
88,lost-update-counter,json.c,json_parse_array,683,698,count-like state mutates without lock or atomic primitive,} || static KainJsonValue* json_parse_array(KainJsonParser* parser) { || KainJsonValue* array = json_value_new(KAIN_JSON_ARRAY);
88,lost-update-counter,json.c,json_parse_value_inner,750,921,count-like state mutates without lock or atomic primitive,static KainJsonValue* json_parse_value_inner(KainJsonParser* parser) { || char* text; || json_skip_ws(parser);
88,lost-update-counter,net_system.c,abi_net_set_header,1039,1057,count-like state mutates without lock or atomic primitive,"static void abi_net_set_header(KainNativeNetHeader* headers, int64_t* header_count, const char* key, const char* value) { || int64_t index; || if (headers == 0 || header_count == 0 || key == 0 || key[0] == '\0') {"
88,lost-update-counter,net_system.c,abi_net_store_http_response,1391,1417,count-like state mutates without lock or atomic primitive,"static int64_t abi_net_store_http_response( || int64_t status_code, || const char* protocol_name,"
88,lost-update-counter,net_system.c,abi_http_server_route_actor,2286,2296,count-like state mutates without lock or atomic primitive,"int64_t abi_http_server_route_actor(int64_t server_id, const char* method, const char* path, int64_t actor_id, const char* message_kind) { || KainNativeHttpServer* server = abi_net_server(server_id); || KainNativeHttpRoute* route;"
88,lost-update-counter,process_system.c,abi_process_utf8_buffer_append_quoted_argument,859,890,count-like state mutates without lock or atomic primitive,"static int abi_process_utf8_buffer_append_quoted_argument( || KainNativeProcessUtf8Buffer* buffer, || const char* argument"
88,lost-update-counter,process_system.c,abi_process_wide_entry_list_push,969,1001,count-like state mutates without lock or atomic primitive,"static int abi_process_wide_entry_list_push( || KainNativeProcessWideEntryList* list, || wchar_t* entry"
88,lost-update-counter,process_system.c,abi_process_spec_append_direct_arg,1561,1577,count-like state mutates without lock or atomic primitive,"static int abi_process_spec_append_direct_arg( || KainNativeProcessSpec* spec, || const char* argument"
88,lost-update-counter,process_system.c,abi_process_spec_add_arg,2246,2276,count-like state mutates without lock or atomic primitive,"int64_t abi_process_spec_add_arg(int64_t spec_id, const char* argument) { || KainNativeProcessSpec* spec = abi_process_spec_lookup(spec_id); || if (spec == 0) {"
88,lost-update-counter,process_system.c,abi_process_spec_set_env,2296,2340,count-like state mutates without lock or atomic primitive,"int64_t abi_process_spec_set_env(int64_t spec_id, const char* key, const char* value) { || KainNativeProcessSpec* spec = abi_process_spec_lookup(spec_id); || int64_t index;"
88,lost-update-counter,realtime.c,realtime_count_array_objects,235,314,count-like state mutates without lock or atomic primitive,"static int realtime_count_array_objects( || const char* array_start, || const char* array_end"
88,lost-update-counter,reflection.c,kain_reflection_get_items_by_kind,463,480,count-like state mutates without lock or atomic primitive,"int kain_reflection_get_items_by_kind( || const KainReflectionPayload* payload, || KainItemKind kind,"
88,lost-update-counter,reflection.c,json_parse,682,1392,count-like state mutates without lock or atomic primitive,"/* Minimal JSON parser implementation */ || static int json_parse(JsonParser* parser, const char* json) { || parser->json = json;"
88,lost-update-counter,scene.c,kain_scene_query_result_append_hit,120,132,count-like state mutates without lock or atomic primitive,"int kain_scene_query_result_append_hit( || KainSceneQueryResult* result, || const KainSceneQueryHit* hit"
88,lost-update-counter,services.c,kain_service_registry_register,646,699,count-like state mutates without lock or atomic primitive,"int kain_service_registry_register( || KainServiceRegistry* registry, || const char* key,"
88,lost-update-counter,services.c,kain_service_registry_count_by_status,908,922,count-like state mutates without lock or atomic primitive,"int kain_service_registry_count_by_status( || const KainServiceRegistry* registry, || KainServiceStatus status"
88,lost-update-counter,services.c,kain_service_registry_count_by_requirement,928,942,count-like state mutates without lock or atomic primitive,"int kain_service_registry_count_by_requirement( || const KainServiceRegistry* registry, || KainServiceRequirement requirement"
88,lost-update-counter,stdlib_abi.c,abi_patch_record_i64,1190,1206,count-like state mutates without lock or atomic primitive,"int64_t abi_patch_record_i64(const char* patch_name, const char* path, int64_t old_value, int64_t new_value) { || KainNativePatchJournalEntry* entry; || /* Proof: runtime/native/src/core/z3/proofs/native-stdlib-patch-journal-count-stays-within-capacity.yaml */"
88,lost-update-counter,stdlib_abi.c,abi_entangle_record_i64,1247,1260,count-like state mutates without lock or atomic primitive,"int64_t abi_entangle_record_i64(const char* authority, const char* mirror, int64_t value) { || (void)value; || abi_copy_text("
88,lost-update-counter,stdlib_abi.c,abi_converge_record_i64,1275,1280,count-like state mutates without lock or atomic primitive,"int64_t abi_converge_record_i64(const char* converge_name, const char* lane_name, int64_t spec_value, int64_t fast_value) { || (void)converge_name; || (void)lane_name;"
88,lost-update-counter,stdlib_abi.c,abi_converge_record_bool,1285,1290,count-like state mutates without lock or atomic primitive,"int64_t abi_converge_record_bool(const char* converge_name, const char* lane_name, int fast_matches) { || (void)converge_name; || (void)lane_name;"
88,lost-update-counter,stdlib_abi.c,abi_orchestrate_stage_begin,1299,1303,count-like state mutates without lock or atomic primitive,"int64_t abi_orchestrate_stage_begin(const char* runtime_name, const char* function_name) { || (void)runtime_name; || (void)function_name;"
75,unsynced-global-write,actor.c,kain_actor_borrowed_message_release_match,399,403,"writes global state without lock, once primitive, or atomic primitive",static int kain_actor_borrowed_message_release_match(const void* message_data) { || unsigned int index; || if (message_data == NULL || g_actor_borrowed_message_depth == 0u) {
75,unsynced-global-write,actor.c,kain_actor_runtime_init,1231,1256,"writes global state without lock, once primitive, or atomic primitive",/* || * Initialize Actor Runtime || *
75,unsynced-global-write,async.c,kain_async_runtime_init_impl,227,236,"writes global state without lock, once primitive, or atomic primitive","static void kain_async_runtime_init_impl(void) { || memset(g_async_tasks, 0, sizeof(g_async_tasks)); || memset(g_async_timers, 0, sizeof(g_async_timers));"
75,unsynced-global-write,core.c,emit_diagnostic,66,75,"writes global state without lock, once primitive, or atomic primitive","static void emit_diagnostic( || KainDiagSubsystem subsystem, || KainDiagSeverity severity,"
75,unsynced-global-write,core.c,runtime_clear_last_diagnostic,2027,2029,"writes global state without lock, once primitive, or atomic primitive",void runtime_clear_last_diagnostic(void) { || g_last_diagnostic_valid = 0; || }
75,unsynced-global-write,cpu.c,abi_cpu_feature_mask,149,152,"writes global state without lock, once primitive, or atomic primitive",uint64_t abi_cpu_feature_mask(void) { || if (!g_kain_native_cpu_feature_mask_initialized) { || g_kain_native_cpu_feature_mask = abi_cpu_detect_feature_mask();
75,unsynced-global-write,entangle.c,entangle_registry_reset,22,25,"writes global state without lock, once primitive, or atomic primitive","void entangle_registry_reset(void) { || memset(g_kain_entangle_bindings, 0, sizeof(g_kain_entangle_bindings)); || g_kain_entangle_binding_count = 0;"
75,unsynced-global-write,graphics_system.c,abi_graphics_set_status,182,188,"writes global state without lock, once primitive, or atomic primitive","static int64_t abi_graphics_set_status( || int64_t status, || const char* kind,"
75,unsynced-global-write,graphics_system.c,abi_graphics_reset,454,461,"writes global state without lock, once primitive, or atomic primitive",int64_t abi_graphics_reset(void) { || int64_t index; || for (index = 0; index < ABI_GRAPHICS_MAX_SESSIONS; index += 1) {
75,unsynced-global-write,input_system.c,abi_input_ok,100,102,"writes global state without lock, once primitive, or atomic primitive","static int64_t abi_input_ok(void) { || g_last_status = ABI_INPUT_OK; || abi_input_copy(g_last_error_kind, sizeof(g_last_error_kind), ""ok"");"
75,unsynced-global-write,input_system.c,abi_input_fail,107,109,"writes global state without lock, once primitive, or atomic primitive","static int64_t abi_input_fail(int64_t status, const char* kind, const char* message) { || g_last_status = status; || abi_input_copy(g_last_error_kind, sizeof(g_last_error_kind), kind ? kind : ""error"");"
75,unsynced-global-write,input_system.c,abi_input_reset,361,364,"writes global state without lock, once primitive, or atomic primitive","int64_t abi_input_reset(void) { || memset(g_sessions, 0, sizeof(g_sessions)); || g_next_session_id = 1;"
75,unsynced-global-write,json.c,json_register_value,61,73,"writes global state without lock, once primitive, or atomic primitive",static void json_register_value(KainJsonValue* value) { || KainJsonRegistryNode* node; || if (!value) {
75,unsynced-global-write,net_system.c,abi_net_ok,555,557,"writes global state without lock, once primitive, or atomic primitive","static int64_t abi_net_ok(void) { || g_last_status = ABI_NET_OK; || abi_net_copy(g_last_error_kind, sizeof(g_last_error_kind), ""ok"");"
75,unsynced-global-write,net_system.c,abi_net_fail,562,564,"writes global state without lock, once primitive, or atomic primitive","static int64_t abi_net_fail(int64_t status, const char* kind, const char* message) { || g_last_status = status; || abi_net_copy(g_last_error_kind, sizeof(g_last_error_kind), kind ? kind : ""error"");"
75,unsynced-global-write,net_system.c,abi_net_reset,1761,1802,"writes global state without lock, once primitive, or atomic primitive",int64_t abi_net_reset(void) { || size_t index; || for (index = 0u; index < ABI_NET_MAX_CONNECTIONS; ++index) {
75,unsynced-global-write,process_system.c,abi_process_ok,198,200,"writes global state without lock, once primitive, or atomic primitive","static int64_t abi_process_ok(void) { || g_last_status = ABI_PROCESS_OK; || abi_process_copy(g_last_error_kind, sizeof(g_last_error_kind), ""ok"");"
75,unsynced-global-write,process_system.c,abi_process_find_free_spec_slot,326,328,"writes global state without lock, once primitive, or atomic primitive",static int abi_process_find_free_spec_slot(uint32_t* out_slot) { || if (out_slot == 0 || g_spec_occupancy_bits == UINT64_MAX) { || return 0;
75,unsynced-global-write,process_system.c,abi_process_find_free_process_slot,336,338,"writes global state without lock, once primitive, or atomic primitive",static int abi_process_find_free_process_slot(uint32_t* out_slot) { || if (out_slot == 0 || g_process_occupancy_bits == UINT64_MAX) { || return 0;
75,unsynced-global-write,process_system.c,abi_process_reset,2072,2084,"writes global state without lock, once primitive, or atomic primitive",int64_t abi_process_reset(void) { || int index; || for (index = 0; index < ABI_PROCESS_MAX_PROCESSES; index++) {
75,unsynced-global-write,stdlib_abi.c,abi_fs_fail,1395,1400,"writes global state without lock, once primitive, or atomic primitive","static int64_t abi_fs_fail(const char* operation, const char* path) { || int error_code = errno; || char message[512];"
75,unsynced-global-write,stdlib_abi.c,abi_fs_ok,1424,1426,"writes global state without lock, once primitive, or atomic primitive","static int64_t abi_fs_ok(void) { || g_kain_native_fs_last_status = 0; || abi_fs_copy_message(g_kain_native_fs_last_error_kind, sizeof(g_kain_native_fs_last_error_kind), ""ok"");"
55,teardown-after-unlock,actor.c,kain_actor_reply_port_state_complete_copied,606,689,tears down synchronization or heap state after unlocking; review lifetime assumptions,"static int kain_actor_reply_port_state_complete_copied( || KainActorReplyPortState* state, || const KainActorRef* expected_actor_ref,"
55,teardown-after-unlock,actor.c,kain_actor_reply_port_state_reset_with_actor_ref,700,740,tears down synchronization or heap state after unlocking; review lifetime assumptions,"static void kain_actor_reply_port_state_reset_with_actor_ref( || KainActorReplyPortState* state, || const KainActorRef* actor_ref"
55,teardown-after-unlock,actor.c,kain_actor_reply_port_state_release,935,960,tears down synchronization or heap state after unlocking; review lifetime assumptions,static void kain_actor_reply_port_state_release(KainActorReplyPortState* state) { || int should_destroy = 0; || void* reply_data_to_free = NULL;
55,teardown-after-unlock,actor.c,kain_actor_reply_port_state_prepare_direct_token,1130,1189,tears down synchronization or heap state after unlocking; review lifetime assumptions,"static int kain_actor_reply_port_state_prepare_direct_token( || KainActorReplyPortState* state, || KainActorRef* out_actor_ref"
55,teardown-after-unlock,actor.c,kain_actor_runtime_shutdown,1359,1432,tears down synchronization or heap state after unlocking; review lifetime assumptions,/* || * Shutdown Actor Runtime || *
55,teardown-after-unlock,actor.c,kain_actor_thread_proc,1880,2370,tears down synchronization or heap state after unlocking; review lifetime assumptions,static DWORD WINAPI kain_actor_thread_proc(LPVOID param) { || #else || static void* kain_actor_thread_proc(void* param) {
55,teardown-after-unlock,async.c,kain_async_timer_thread_proc,857,1209,tears down synchronization or heap state after unlocking; review lifetime assumptions,static DWORD WINAPI kain_async_timer_thread_proc(LPVOID parameter) { || KainAsyncTimerRecord* timer = (KainAsyncTimerRecord*)parameter; || #else
55,teardown-after-unlock,attrition.c,kain_attrition_heap_release,559,567,tears down synchronization or heap state after unlocking; review lifetime assumptions,"int kain_attrition_heap_release(void* raw_header, size_t total_bytes) { || size_t slot; || KainAttritionQuarantineEntry* entry;"
55,teardown-after-unlock,attrition.c,kain_attrition_note_rc_free,732,733,tears down synchronization or heap state after unlocking; review lifetime assumptions,void kain_attrition_note_rc_free(size_t total_bytes) { || if (!kain_attrition_enabled_fast()) { || return;
55,teardown-after-unlock,core.c,mq_pop,1844,1878,tears down synchronization or heap state after unlocking; review lifetime assumptions,"int mq_pop(void* mq_ptr, long long* out_tag, void** out_data) { || MessageQueue* mq = (MessageQueue*)mq_ptr; || MessageNode* node;"
55,teardown-after-unlock,fanout.c,kain_fanout_runtime_shutdown,338,354,tears down synchronization or heap state after unlocking; review lifetime assumptions,void kain_fanout_runtime_shutdown(void) { || KainFanoutRuntime* runtime = &g_kain_fanout_runtime; || if (!runtime->initialized) {
55,teardown-after-unlock,machine_stones.c,kain_machine_pulse_stop_all,440,447,tears down synchronization or heap state after unlocking; review lifetime assumptions,"void kain_machine_pulse_stop_all(void) { || uint32_t i; || atomic_store_explicit(&g_machine_pulse_stop_requested, 1, memory_order_release);"
55,teardown-after-unlock,ownership.c,kain_ownership_decay_slot_unlocked,790,812,tears down synchronization or heap state after unlocking; review lifetime assumptions,"static int kain_ownership_decay_slot_unlocked(void* ptr, int slot, int reclaim_helper_slot) { || if (slot < 0) { || return kain_ownership_fail(KAIN_OWNERSHIP_ERR_NOT_FOUND);"
