2026-07-06	x86-codegen	progress	LLVMX86CodeGen FULLY BUILT (67/67). +Desc/AsmParser/Disassembler = 85 X86 objs. llc compiles but link blocked by missing LLVMMIRParser + LLVMTransformUtils libs. LLD blocked by CodeView/WindowsDriver depth. Created: All X86 .def files (AsmPrinters, AsmParsers, Disassemblers, TargetMCAs). Fixed: RemarkFormat.cpp Bitstream stubs, RemarkSerializer.cpp YAML fallback, RemarkParser.cpp YAML fallback, BitstreamRemarkParser.h StringRef ctor. Next: build TransformUtils + MIRParser libs, then llc/opt link.	build8/
2026-07-07	repo	cleanup	Pre-git cleanup: removed 13 build dirs, _llvm_bak (2.6 GB), .LLVM, temp files. Repo size reduced to ~360 MB (source only). Ready for git commit.	.gitignore, MEMORY.tsv
2026-07-06	llc-opt-link	progress	LLVMTransformUtils BUILT (removed CallPromotionUtils/FunctionImportUtils/SampleProfileInference/InlineFunction/Debugify/MemoryTaggingSupport/ProfileVerify/SplitModule etc. with PGO/ThinLTO/DebugInfo deps). LLVMMIRParser BUILT (copied from _llvm_bak/llvm/lib/CodeGen/MIRParser/). AsmPrinter sources added to LLVMCodeGen (AsmPrinter/AsmPrinterDwarf/AsmPrinterInlineAsm). Restored LegacyPassManager.cpp. Created RuntimeLibcallUtil.cpp with getSINCOS/getSINCOSPI/getSHL/getSRL/getSRA/getMUL/getSDIV/getUDIV/getSREM/getUREM/getCTPOP/getPOWI/getPOW/getSIN/getCOS/getMODF/getREM/getFPLibCall etc. stubs. NewPMDriver.cpp stubbed to fall back to legacy PM. LLVMCFGuard subdirectory wired. GlobalISel/CFGuard added to llc LINK_COMPONENTS. Fixed: InstrProfData.inc missing IPSK_covmap/covfun/covdata entries. Fixed: Bitcode/CodeView stubs for GlobalTypeTableBuilder/TypeIndex. llc link still blocked ~15 symbols (TargetLoweringBase::getBitWidthForCttzElements, createMCRelocationInfo, X86IntelInstPrinter::getMnemonic). LLVMPasses still needs PassBuilder.cpp re-enabled (currently commented due to ThinLTO/MemProf deps). Next: fix remaining link errors or stub those symbols too. MEMORY.tsv
2026-07-06	x86-codegen	progress	LLVMX86CodeGen FULLY BUILT (67/67 objs). LLVMX86Desc, LLVMX86AsmParser, LLVMX86Disassembler also build (85 total X86 objs). LLD blocked by CodeView/WindowsDriver depth. llc/opt blocked by LLVMRemarks BitstreamRemarkSerializer stubs. Next: fix LLVMRemarks stubs for RemarkParser/Serializer, add llc/opt subdirs.	build8/
2026-07-06	x86-codegen	progress	X86CodeGen BUILT (all 85 objects). Fixed: X86GenInstrInfo.inc unconditional isCTESTCC redefinition (header guard + llvm::X86 ns fix), added 58 opcode predicate stubs (namespace llvm::X86 inline bool). Fixed: X86GenInstrMapping.inc stub (empty compress-evex/NF/ND2/SSE2AVX tables with X86TableEntry + checkPredicate + operator<). Fixed: GICombiner stubs (setupGeneratedPerFunctionState, tryCombineAllImpl returning false, parseCommandLineOption). Fixed: X86Pre/PostLegalizerCombiner.cpp trailing comma in constructor init list. Fixed: InstrProfData.inc VARIANT_MASK_* defines. Fixed: CodeView TypeIndexDiscovery/TypeRecord stubs. Next: build LLD (COFF needs more CodeView stubs).	build8/
2026-07-04	build	progress	LLVMTableGen rebuilt with 30 backends (copy of LLVM 19 utils/TableGen/ files). Fixed: GenVT.inc forwarding #pragma once bug causing getEnumName crash. Generated all X86 .inc files. X86CodeGen now builds.
2026-07-05	aarch64-codegen	progress	AARCH64 CODGEN REBUILT. Mission: Rebuild LLVMAArch64CodeGen + SelectionDAG + GlobalISel. STATUS: ALL TARGETS BUILT SUCCESSFULLY in build/ (Debug mode). LLVMSelectionDAG (27/27 obj), LLVMGlobalISel (31/31), LLVMAArch64CodeGen (56/56), LLVMAArch64Desc/AsmParser/Disassembler/Info/Utils (44/44), LLVMDemangle, LLVMOption, LLVMTarget — all 0 errors. Build process: (1) Fixed .td forwarding includes (14 forwarders in include/llvm/ fixed to use ../../ paths from includer dir); (2) Generated AArch64 .inc files via build3/bin/llvm-tblgen.exe (real tblgen built by prev agent); (3) Copied missing combiner .inc files from build4/; (4) Created AArch64ISD.h (auto-generated 358 opcodes from .inc + .cpp refs); (5) Added AArch64ISD.h include to AArch64.h; (6) Fixed SDNodeInfo stub (StringTable("") not empty StringTable()). Key fix: dummy-tblgen.cmd updated to not overwrite existing .inc files. build2/ has CMake auto-regen permission issue (failed recompaction).	build/
2026-07-05	build	progress	CLANG BUILD ATTEMPT (C-only). Built: LLVMSupport, LLVMTargetParser, clangBasic (partial before build2 wipe), clang-tblgen-stub.exe (proper C++ exe). Blockers discovered: (1) DiagnosticCommonKinds.inc has only 3 DIAG() entries vs 3500+ needed — clangBasic fails with unknown type errors. Hand-written enum was in flat-layout DiagnosticIDs.h but was corrupted during editing. (2) Builtins.inc has only ~25 entries vs 800+ needed builtin IDs. Adding ~15 critical X86 builtins fixed some errors. (3) LLVMAsmParser fails on LLParser.h needing FunctionSummary::TypeIdInfo/VFuncId/CalleeInfo stubs. (4) clang-tblgen from _llvm_bak source copied to clang/src/tools/clang-tblgen/ but not built. Next: build clang-tblgen.exe to generate proper .inc files, then rebuild clang libs from scratch.	build2/, clang/include/basic/DiagnosticIDs.h, clang/include/basic/Builtins.inc, clang/src/tools/clang-tblgen/
2026-07-04	aarch64-codegen	progress	LLVMAArch64CodeGen builds 285/314 objects (91%). Fixed: (1) Generic redefinition in AArch64Subtarget.h/AArch64TargetParserDef.inc — removed ARM_PROCESSOR_FAMILY(Generic) from .inc; (2) 88 missing SME/SVE intrinsics added to IntrinsicEnums.inc (sme famax/famin/fmop4a/mop4a/smop4a/umop4a/usmop4a, sve _single_x2/_x4/while*_c8-c64/*_x2 variants); (3) 21 missing SME mop4 intrinsics added; (4) 2 missing forwarding headers created (include/llvm/Config/abi-breaking.h, include/llvm/IR/IntrinsicEnums.inc); (5) CMake reconfigured for CMake 4.3+ mixed frontend check (uniform clang/clang++ GNU-like compilers); (6) Constant.h replaced from stub to real 275-line LLVM class definition. Remaining block: 29 files fail on shared codegen infrastructure headers (MachineOperand.h missing Intrinsic::ID include, ArrayRecycler.h alignment assertion, Instructions.h/IntrinsicInst.h intrinsic name resolution) — these affect both targets, not AArch64-specific. Hand off to infrastructure agent.	build/, src/target/aarch64/, include/core/ir/IntrinsicEnums.inc, include/core/ir/Constant.h, include/support/target/AArch64TargetParserDef.inc, include/llvm/Config/abi-breaking.h, include/llvm/IR/IntrinsicEnums.inc
2026-07-04	build	progress	LLD BUILD ATTEMPT. Phase 1: LLD CMakeLists.txt cleaned (removed DWARF, ARMErrataFix, ObjC, BitReader, LibDriver deps). Phase 2: LLD dependencies restored (Demangle + Option + Target base libs copied from _llvm_bak, CMakeLists.txt created). Clean cmake configure succeeds with LLD active (216 targets). Clean rebuild shows pre-existing CodeView stub issues (MCAsmStreamer.cpp needs full DefRange structs in CodeView SymbolRecord.h). Clean rebuild also shows other pre-existing stub gaps in IRPrintingPasses.h (NewPM stubs removed). Full rebuild from scratch is expensive — 580+ compile units. Alternative: build LLD against existing compiled libs in build/. Next: fix CodeView stubs or use incremental build approach.
	build/, CMakeLists.txt, lld/*/CMakeLists.txt, src/support/{demangle,option}/, src/target/base/
2026-07-04	build	progress	ALL 3 PHASES COMPLETE. LLVMTargetParser BUILT (8 objects, 0 errors) - stripped dead target sources (AMDGPU/ARM/AVR/CSKY/LoongArch/PPC/RISCV/Xtensa), added ARMTargetDefEmitter.cpp to tablegen, generated AArch64TargetParserDef.inc (2837 lines) from AArch64.td. LLVMSelectionDAG BUILT (27 objects, 0 errors). LLVMGlobalISel BUILT (31 objects, 0 errors). New build3/ dir with clang/clang++ (GNU-like, not clang-cl) + LIB env. LLD disabled in CMakeLists.txt due to tablegen target conflicts. BUG-020 fixed.	src/support/target/CMakeLists.txt, include/support/target/CMakeLists.txt, CMakeLists.txt, tools/tablegen/CMakeLists.txt, build3/
2026-07-04	build	progress	LLVMX86CodeGen BUILT (47 objects, 22.5 MB). Also: LLVMX86Desc, LLVMX86AsmParser, LLVMX86Disassembler, LLVMX86Info all building. 19 X86Gen*.inc files generated from X86.td via new tablegen. All backends working: -gen-register-info, -gen-subtarget, -gen-instr-info, -gen-callingconv, -gen-asm-writer/matcher, -gen-disassembler, -gen-dag-isel, -gen-global-isel, -gen-fast-isel, -gen-emitter, etc.
2026-06-28	build-wsl	progress	WSL BUILD ATTEMPT (GCC 14 + -std=gnu++17). 52/171 LLVMSupport source files compiled. Fixed: include path shadowing (removed include/support/adt from -I), Clang headers moved (20+ conflicting headers), PointerUnion.h constexpr workarounds (computeFixedTags, getTagTable, computeExtendedTags), FunctionExtras.h (brace-init to member-assign, added <cstddef>), PointerIntPair.h (enum to static constexpr), ExitCodes.h (#if LLVM_ON_UNIX fix), LockFileManager.cpp (#if -> #ifdef), Parallel.cpp (guarded <process.h>), raw_ostream.cpp (added <unistd.h>), generated Linux config.h from cmake template. Remaining blocks: ~120 source files with platform-specific issues (C regex files, missing POSIX includes, config.h template cleanup). Not a turnkey port — full Linux config.h and platform-layer work needed.	build-wsl/, CMakeLists.txt, include/core/config/config.h, include/support/adt/*.h, src/support/adt/*.cpp
2026-07-04	build	progress	BUILD RESTORED (clang++ 22.1.6 + lld-link, MSVC BuildTools 2022 CRT). Fixed: llvm-config.h LLVM_ON_UNIX -> undefined on Windows; config.h full rewrite (corrupted comments, wrong POSIX defines); CrashRecoveryContext.cpp <sysexits.h> guard; ErrorHandling.cpp <unistd.h> guard; Parallel.cpp + Threading.inc _beginthreadex forward decl return type mismatch. Added _CRT_SECURE_NO_WARNINGS/_CRT_NONSTDC_NO_WARNINGS to CMakeLists.txt. Created tools/tablegen/sse_stub.cpp for UCRT wmemcmp SSE2 stubs. Added /wholearchive:LLVMTableGen.lib for Emitter::OptClass static constructors. 13 libs built (100 MB): LLVMSupport, LLVMTableGen, LLVMBinaryFormat, LLVMRemarks, LLVMAsmParser, LLVMMC, LLVMMCParser, LLVMMCDisassembler, LLVMObject, LLVMCore, LLVMAnalysis, LLVMPasses, LLVMCodeGenTypes. Next: LLVMTargetParser (needs .inc stubs), LLVMCodeGen (full RTLIB), X86CodeGen/AArch64CodeGen (need full tablegen backends).	build/
2026-07-04	build	progress	llvm-tblgen.exe BUILT AND WORKING. Fixed: LLVM_ON_UNIX was unconditionally defined in llvm-config.h on Windows - changed to /* #undef */. Fixed: config.h corrupted by `${}` replacement - rewrote all 286 lines with correct Windows POSIX defaults. Fixed: CrashRecoveryContext.cpp unconditional <sysexits.h> include (guarded by ExitCodes.h). Fixed: ErrorHandling.cpp unconditional <unistd.h> include. Fixed: Parallel.cpp and Windows/Threading.inc forward _beginthreadex decls with wrong return type (unsigned long vs uintptr_t). Added _CRT_SECURE_NO_WARNINGS/_CRT_NONSTDC_NO_WARNINGS to suppress MSVC deprecation. Added tools/tablegen/sse_stub.cpp for UCRT wmemcmp SSE2 intrinsics. Added /wholearchive:LLVMTableGen.lib for Emitter::OptClass static constructor registration. LLVMSupport (12.5 MB) + LLVMTableGen (1.2 MB) built. 3 backends registered: gen-attrs, gen-skeleton-entry, gen-skeleton-class. Successfully generated 415-line Attributes.inc from Attributes.td.	b
2026-06-28	build	progress	SelectionDAG+GlobalISel now BUILD. RuntimeLibcalls.inc regenerated (464 Libcall + 99 LibcallImpl). Fixed: SDIVREM/UDIVREM I8-I128, FMIN/FMAX/FMINIMUM_NUM/FMAXIMUM_NUM F32-PPCF128, OEQ/UNE/OGE/OLT/OLE comparisons, 120 OUTLINE_ATOMIC entries, POWI/SINCOS/MODF/FREXP/LDEXP, MEMCCPY/STRCPY/STRCMP/STRSTR/STRLEN/BZERO/CLEAR_CACHE/DEOPTIMIZE, impl_memcpy/memmove/memset. 14 libs built (143 MB). X86/AArch64 CodeGen+ORC JIT blocked: need working llvm-tblgen for target-specific .inc generation. MSVC CRT linking fix needed (oldnames/msvcrt/msvcprt not found by lld-link with LIB set). Dummy no-CRT tblgen works but generates empty stubs.	build/
2026-06-28	api-map	done	Created chunk-03-analysis.tsv (93 rows): mapping all functions in 03-analysis.rs (3,621 lines) across ownership/ephemeral-elision, shatter/stack-shatter, fixed-array, literal-map, string-analysis/codegen, stdlib-builtin, substring-pattern-detection, type-mapping, and codegen-entry Kain constructs. Every function maps to LLVM IR patterns and LLVM-C API equivalents. Pending: needs-review status for specific LLVM-C API bindings as the stripping/rewrite proceeds.	z__research_api/scripts/chunk-03-analysis.tsv
2026-06-28	build	progress	LLVMCodeGen BUILT (44.4 MB) — 13th library. Reconfigured CMake with real llvm-tblgen.exe. Fixed: Targets.def/AsmPrinters.def/AsmParsers.def/Disassemblers.def generated in build/include/core/config/. CodeView.h expanded with full DefRange structs + SymbolKind + ulittle16_t. RuntimeLibcalls.inc expanded with SHL/SRL/SRA/MUL/MULO/SDIV/UDIV/SREM/UREM/CTPOP + full atomic + stackprotector entries. LiveDebugValues.h copied to include path. 10 CodeGen source files commented out (depend on stripped DebugInfo/CGData/ObjC/sanitizers/WasmEH). 2 files blocked: TargetLoweringBase (needs full FPEXT/FPROUND/FMIN/FMAX RTLIB), SelectionDAG (needs full SDIVREM/FMIN/FMAX/CLEAR_CACHE RTLIB). SelectionDAG/GlobalISel/X86/AArch64 blocked by full RTLIB generation from .td files.	build/
2026-06-28	api-map	correction	CRITICAL CORRECTION: MASTER_API.md rewritten to reflect fork ownership. We are NOT wrapping LLVM-C with ~50 bindings. We own X:/llvm-kain/ and can edit C++ source directly. Document now defines: (1) Kain-native API design across 8 categories (A-H) with ~80 C++ functions, (2) 10 planned Kain-specific LLVM passes (World Purity P0, Entangle Elision P0, Collapse Devirt P1, etc.), (3) 5 planned Kain intrinsics (@llvm.kain.world.load/store, @llvm.kain.entangle.propagate, etc.), (4) Fork-based 7-phase migration path (Phase 0-6). Fork layout: src/kain/{api/,passes/,intrinsics/}. Rust bridge via extern "C" in src/kain/api/bridge.cpp → crates/kain-llvm-sys/src/ffi.rs. 11 sections numbered 1-11.	z__research_api/MASTER_API.md
2026-06-28	api-map	done	Created chunk-00-infra.tsv (133 rows) — comprehensive function-to-Kain-concept mapping of 00-preamble.rs (18 functions) and 01-infrastructure.rs (130+ LlvmGenerator methods) from the KNIR codegen pipeline. Covers: stdlib FFI, hash utilities, Python import, orchestrate env, target resolution, public generate API, codegen infrastructure (emit, next_reg, alloca), struct/tuple type registry, Kain-to-LLVM type mapping, JSON/Any tag tracking, runtime Array bridge, tagged value Option/Result, pulse/axiom/converge machine stone symbols, attribute/ABI/callconv resolution. Every row maps to a Kain decision-ladder layer (L0-L7) with LLVM IR pattern and LLVM-C API equivalent.	z__research_api/scripts/chunk-00-infra.tsv
2026-06-28	api-map	done	Created chunk-04-values.tsv (87 rows) mapping all functions in 04-values.rs (2,862 lines) across tagged-value/encoding/decoding, atomic-load/store/rmw/CAS/fence, raw-mem-load/store/volatile, ownership-collapse/observe/decay, share/fanout, string-literal/c-string/concat, bitcast, LLVM IR generation entry points, ABI layout, and value-coercion Kain constructs. Every function mapped to LLVM IR patterns and LLVM-C API equivalents.	z__research_api/scripts/chunk-04-values.tsv
2026-06-28	api-map	done	Created chunk-05-abi.tsv (49 rows) mapping all functions in 05-abi.rs (2,955 lines) across Option/Result-tagged-value, async/await/try-future-inlining, JSON-any/runtime-any-argument, Python-bridge-vararg, JSON-builtin, numeric-cast/fptosi/condition-coerce/binary-coerce/eq/range-check, match-pattern-condition/binding/variant, shattered-array-literal/lane/field/teleport, world-field-path/entangle/propagation/patch-journal, resonate-tripwire, and addressable-pointer Kain constructs. Every function mapped to LLVM IR patterns and LLVM-C API equivalents.	z__research_api/scripts/chunk-05-abi.tsv
2026-06-28	api-map	progress	Created chunk-02-ownership.tsv (104 rows) mapping all 103 fn entries in 02-ownership-infra.rs to Kain concepts, LLVM IR patterns, and LLVM-C API equivalents. Every fn in 3,104 lines cataloged across collapse/observe/decay, asm, systems, type-utils, shatter, world/patch, debug/forensics, and codegen-entry categories.	z__research_api/scripts/chunk-02-ownership.tsv
2026-06-28	build	progress	12 LLVM libraries now build (~99 MB total): LLVMSupport (12.5 MB), LLVMAnalysis (29.7 MB), LLVMAsmParser (2.7 MB), LLVMBinaryFormat (1.2 MB), LLVMCodeGenTypes (38 KB), LLVMObject (10.6 MB), LLVMMC (5.7 MB), LLVMRemarks (1.2 MB), LLVMMCParser (2.3 MB), LLVMMCDisassembler (119 KB), LLVMCore (17.3 MB), LLVMPasses (16.7 MB). Blocked: LLVMTargetParser (needs AArch64/PPC/RISCV parser .inc tables, AMDGPU/ARM/AVR/CSKY/LoongArch/Xtensa files), LLVMCodeGen (shared not standalone target), LLVMX86CodeGen, LLVMAArch64CodeGen, LLVMJITLink (depends on TargetParser). Fixed: PPCGenTargetFeatures.inc stub, RISCVTargetParserDef.inc stub, AArch64CPUFeatures.inc/AArch64FeatPriorities.inc/AArch64TargetParserDef.inc stubs.	include/support/target/AArch64CPUFeatures.inc, include/support/target/AArch64FeatPriorities.inc, include/support/target/AArch64TargetParserDef.inc
2026-06-28	build	progress	LLVMPasses BUILT — 12th library. Fixed: MemProf.h (SmallVector<N> explicit sizes, MemInfoBlock full definition, AccessHistogram stub), SandboxIR/Context.h + PassManager.h stubs, SandboxVectorizer/PassRegistry.def commented out, CodeView.h stub for AsmPrinter, StableFunctionMap.h (IndexPair/StableFunctionMap re-export to llvm::), HLSLBinding.h (findAvailableBinding template), PassBuilder.cpp SandboxVectorizer include removed. 12 libs total.	include/core/profiledata/MemProf.h, include/core/profiledata/MIBEntryDef.inc, include/llvm/SandboxIR/, include/llvm/CGData/, include/llvm/CodeView/, include/core/debug/CodeView/, src/core/passes/PassRegistry.def, src/core/passes/PassBuilder.cpp
2026-06-28	build	progress	LLVMCore (17.3 MB) BUILT — 11th library. Fixed: NVVMIntrinsicUtils.h (missing FloatingPointMode.h), Intrinsics.cpp (missing BPF/Hexagon/LoongArch/Mips/PowerPC/R600/S390/SPIRV/VE/XCore Intrinsics stubs, FixedEncodingTy shift overflow, StringTable instead of const char*, IntrinsicNameOffsetTable type to unsigned, IntrinsicNameTable pointer arithmetic fixes), IntrinsicImpl.inc (complete rewrite with 11 section guards, 62 IIT values, name/offset tables, FixedEncodingTy, IIT tables, TargetInfos), Attributes.cpp (undef ATTRIBUTE_ENUM leaks, GET_ATTR_NAMES leak, AttrPropTable redefinition, ATTRIBUTE_ALL->ATTRIBUTE_ENUM fix, GET_ATTR_COMPAT_FUNC stub), RuntimeLibcalls.inc (54 LibcallImpl entries with armpl/amd/sleef/svml, inline static member defs, GET_RUNTIME_LIBCALLS_INFO stub), Function.cpp (LibFuncCache cast). Created 10 stub Intrinsics headers. Total: 11 libs, ~77 MB.	include/core/ir/IntrinsicImpl.inc, include/core/ir/RuntimeLibcalls.inc, include/core/ir/Attributes.inc, src/core/ir/CMakeLists.txt, src/core/ir/Attributes.cpp, src/core/ir/Intrinsics.cpp, src/core/ir/Function.cpp
2026-06-28	api-map	progress	Complete API map of llvm_kain.rs (21,883 lines) + llvm_kain_component.rs (2,105 lines). Created 9 script partition files (01-types.rs through 09-output.rs) in z__research_api/scripts/. Created 3 TSV reports (api-functions.tsv with 118 entries, api-types.tsv with 33 entries, api-llvm-c-bindings.tsv with 78 entries) and 1 summary markdown (api-summary.md with LLVM IR pattern catalog, vtable dispatch flow, dependency graph, and architectural insights) in z__research_api/reports/.	z__research_api/
2026-06-28	build	progress	LLVMAnalysis BUILDS (linked successfully). Fixed: ConstantFolding.cpp — removed orphaned AMDGPU functions (ConstantFoldAMDGCNCubeIntrinsic, ConstantFoldAMDGCNPermIntrinsic), removed orphaned NVVM code blocks, added missing closing braces for if(Op2)/if(Op3) in ConstantFoldScalarCall3, added missing return nullptr in ConstantFoldIntrinsicCall2, added missing closing namespace. Fixed: Function.h — forward-declared enum LibFunc, changed LibFuncCache from unsigned to LibFunc. Fixed: TargetLibraryInfo.cpp — removed extra & in SignatureTable access (pointer vs value mismatch). Fixed: Attributes.h — added #undef GET_ATTR_ENUM after include to prevent macro leakage into AsmParser. LLVMAsmParser also builds. LLVMBinaryFormat builds. LLVMCodeGenTypes blocked by empty GenVT.inc stub (needs tablegen-generated MVT enum values from ValueTypes.td).	src/core/analysis/, include/core/ir/
2026-06-28	api-map	progress	Split llvm_kain.rs (21,883 lines) into 9 real .rs files in z__research_api/scripts/. Each file wraps its section in impl LlvmGenerator { ... } with balanced braces. Preamble (uses, structs, consts, public fns) duplicated in each file for self-containment. All 21,883 lines preserved at 100% fidelity. Split boundaries at clean fn declaration boundaries. Report at z__research_api/reports/split-report.md.	z__research_api/scripts/
2026-06-28	build	progress	LLVMAnalysis: 24/26 source files compile. Fixed: InstrProfData.inc (BUG-017/018) — comprehensive .inc with all INSTR_PROF_* macros, VALUE_PROF_KIND entries, section/sig/raw-header structs. Fixed: RuntimeLibcalls.inc — proper stub with GET_RUNTIME_LIBCALL_ENUM/GET_LOOKUP_LIBCALL_IMPL_NAME_BODY guards. Fixed: MemProfData.inc and MIBEntryDef.inc — proper stubs. Fixed: MemoryBuiltins.h — added TargetLibraryInfo.h include for LibFunc type. Fixed: TargetLibraryInfo.inc — 680+ LibFunc values added, FuncArgTypeID with all values, SignatureTable/SignatureOffset arrays. Fixed: IntrinsicEnums.inc — added vector_deinterleave2-8, vector_interleave2-8 variants. Fixed: ConstantFolding.cpp — stripped orphaned NVVM code and premature closing braces. Fixed: TargetLibraryInfo.h — added #undef GET_TARGET_LIBRARY_INFO_ENUM/IMPL_DECL to prevent macro leakage. Remaining: ConstantFolding.cpp still has 15+ brace/scope issues from strip script damage; TargetLibraryInfo.cpp has SignatureTable pointer arithmetic issue. Next: fix these last two files to close LLVMAnalysis.	include/, src/
2026-06-28	build	progress	Massive LLVMAnalysis build progress: 20/101 files now compiling (was 0). Fixed: Attributes.inc (BUG-016) — removed enum wrapper, added proper categories + sentinels + prop table. Fixed: IntrinsicEnums.inc — auto-generated 9155 intrinsics from .td files, added AnyKind enums. Fixed: TargetLibraryInfo.inc (BUG-015) — added LibFunc enum with 65+ values + FuncArgTypeID. Fixed: NVVMIntrinsicUtils.h — stubbed for dropped NVVM target. Fixed: Function.h — removed problematic opaque enum forward declaration. Remaining blockers: InstrProfData.inc (BUG-017), profiledata stubs, RuntimeLibcalls.inc, and ~80 more .cpp files to compile.	include/core/ir/Attributes.inc, include/core/analysis/TargetLibraryInfo.inc, include/core/ir/NVVMIntrinsicUtils.h, include/core/ir/Function.h, scripts/gen-intrinsic-enums.py
2026-06-28	build	progress	LLVMAnalysis ~85% complete (105/120+ objects). Generated: Attributes.inc (hand-written), IntrinsicEnums.inc (7164 entries from .td), TargetLibraryInfo.inc (528 entries from .td), RuntimeLibcalls.inc (1851 entries from .td). Added Special Case List Data. Dead includes commented out: DXIL, AMDGPU, NVVM, ARM, WebAssembly, X86, AArch64 target-specific Intrinsics*.h. Remaining blockers: (1) ConstantFolding.cpp has 315 Intrinsic references including target-specific (AMDGPU/NVVM/ARM) that need defm-parsing support in .td generator, (2) TargetLibraryInfo.cpp needs GET_TARGET_LIBRARY_INFO_SIGNATURE_TABLE generation, (3) VecFuncs.def needed.	build/
2026-06-28	build	progress	Reconfigured CMake for llvm-tblgen target (commented out add_subdirectory(tools) now enabled). LLVMTableGen library builds as part of full build. Tablegen binary building disabled due to library/exe dual-target complexity.	build/
2026-06-28	tablegen	progress	llvm-tblgen.exe BUILT AND WORKING. Built with clang++/lld-link + /wholearchive for static ctor linkage. Parses .td files, runs backends through Emitter::Opt registration. Currently has: skeleton backend (gen-skeleton-entry/class) + AttributesEmitter (gen-attrs). Successfully generated 415-line Attributes_gen.inc from Attributes.td. Key lessons: (1) Must use /wholearchive to force-link static constructors from .lib, (2) Need cl::ParseCommandLineOptions in main(), (3) SSE stubs needed for _mm_loadu_si128 etc. from UCRT wchar.h/wmemcmp inline. More backends (IntrinsicEmitter, RegisterInfoEmitter, etc.) need to be fetched from LLVM 19 utils/TableGen/. Tools: sse_stub.obj provides _mm_* symbols for UCRT inline wmemcmp.	tools/tablegen/, build/bin/llvm-tblgen.exe
2026-06-28	llvm-core	cmake	progress	Phase 6-B (Fix Dead Library References) complete. Fixed 12 CMakeLists.txt files: removed dead LINK_COMPONENTS (DebugInfoDWARF, DebugInfoDWARFLowLevel, FrontendOpenMP, FrontendHLSL, ObjCARC, BitWriter, Instrumentation, TextAPI, WindowsDriver, RuntimeDyld) and dead DEPENDS (omp_gen, ClangDriverOptions). Deleted orphaned sources: LTO.cpp (3 lld stubs), ObjCRuntime.cpp, OpenMPKinds.cpp, PPCInsns.def, MCSFrame.cpp, InstrProfCorrelator.cpp, MemProfReader.cpp. Deleted dead directories: src/core/debug/ (DWARFCFIChecker, dead without DebugInfoDWARFLowLevel), src/core/linker/ (DTLTO, deleted in Phase 3), include/core/debug/ headers. Removed subdirectory refs from src/core/CMakeLists.txt. Removed dead link_libs (LLVMBitWriter) from ORC JIT. All 20+ dead references eliminated. Verification grep shows only expected ObjCARC analysis source filenames (not library refs) and stubbed omp_gen/ClangDriverOptions targets in top-level CMakeLists.txt.	src/core/passes/IPO/CMakeLists.txt, src/core/analysis/CMakeLists.txt, src/target/x86/CMakeLists.txt, lld/*/CMakeLists.txt, clang/src/*/CMakeLists.txt, and 10 more
2026-06-28	cmake	progress	Created comprehensive Phase 6 CMake build plan at z__research/phase-6-cmake-build.md. Covers: current state audit (84 CMakeLists.txt, missing top-level + 19 cmake modules), 18 blockers mapped with fix strategies, 8 sub-phases (A-H) with specific files/commands, build modes (dev/debug/release), verification plan, risk assessment, and Bazel fallback. Discovered: LLD references 12 dead libs, LTO.cpp files still present, ObjCRuntime.cpp/OpenMPKinds.cpp still in clang, 16 dead LLD ELF arch files, FrontendOpenMP refs in clang basic+analysis, Coroutines/ObjCARC/HipStdPar in passes, CGData in codegen.	z__research/phase-6-cmake-build.md
2026-06-28	llvm	progress	Phase 7 ORC JIT integration plan written at z__research/phase-7-orc-jit.md. Covers: 3 pipeline paths (Text->AsmParser->ORC, Direct LLVM-C IR Builder, TargetMachineEmit intermediate), complete ~62-function LLVM-C API catalog across 6 tiers, crate architecture for crates/kain-llvm-sys/ (including ffi.rs, error.rs, lljit.rs, build.rs), 4-phase migration plan (A: bindings, B: TargetMachineEmit, C: ORC JIT, D: Clang wrapper), 8 risks with mitigations, Bazel overlay notes, timeline (12 weeks), and verification checklist. All ~62 functions verified present in actual C API headers at include/c-api/.	z__research/phase-7-orc-jit.md
2026-06-28	test-harness	progress	Created comprehensive test harness document at z__research/test-harness.md. Covers: build verification (cmake+ninja), compilation tests (C11/C17/C23/asm/debug/opt/LTO/PGO), linker tests (COFF/ELF/MachO/static/dynamic/LTO), runtime builtins (soft-div/float/atomics/mem), edge cases (empty/massive/deep-include/circular/unicode/preproc), CI infrastructure (GH Actions skeleton, matrix, cache, timing), 10-point smoke test suite (bash+batch), regression prevention (upstream merge, cross-comparison, git hooks, perf), test directory structure, and 5 reusable batch/script templates.
2026-06-28	llvm	progress	Phase 5 execute complete on real tree. Backup at X:/llvm-backups/llvm-project-20260628-073522 (1,013 MB, 17,804 files). llvm-kain/ flat layout created: 172 dirs, 5,590 files copied, 4,365 include path rewrites applied, 0 errors. Layout: src/core/{ir,analysis,passes,object,mc,linker,support} src/target/{x86,aarch64,shared} src/jit/{orc,jitlink,interpreter} clang/src/{lex,parse,sema,ast,codegen,frontend,analysis,basic,edit,serialization,options} clang/include/{lex,parse,sema,ast,codegen,basic,frontend,analysis,edit,serialization} include/{c-api,core,target,jit,support,tools} rt/builtins lld/{coff,elf,macho,common} tools/tablegen. __ORIGINAL__/ junction created. Old files preserved (685 MB). Total repo: 1,013 MB (old) + 328 MB (llvm-kain).
2026-06-28	llvm	progress	Executed sandbox mode on execute-phase5.py. Fixed 3 bugs (SANDBOX_KAIN_DIR path, duplicate parse_args, sandbox-prep too-large copy). Added 8 missing INCLUDE_PATH_MAP entries. Sandbox: 5,678 files copied, 5,590 moved to new layout, 4,365 include fixes applied, 168 remaining old-style includes (all dead lib refs). 0 errors, 5s each. CMake/Ninja unavailable for build. --execute NOT safe until CMake available + CMakeLists.txt adapted.	scripts/phase5-layout/execute-phase5.py
2026-06-28	llvm	progress	Created CMake build system for flat layout (llvm-kain) in sandbox. Created top-level CMakeLists.txt + 8 intermediate CMakeLists.txt + AddClang.cmake + AddLLD.cmake. Copied 20 LLVM cmake modules. Disabled strict source file check (LLVMProcessSources.cmake). TableGen stubbed (creates empty .inc files). CMake configure reaches 80% — LLVM core, targets, JIT configure ok. Remaining blockers: PCH collisions from multiple targets/dir, missing generated source files (UnicodeNameToCodepointGenerated.cpp), mm_malloc.h not found. LLD/RT disabled due to cmake infrastructure gaps. Built with clang-cl not available; used -DCMAKE_TRY_COMPILE_TARGET_TYPE=STATIC_LIBRARY to skip compiler test.	scripts/phase5-layout/temp-build/llvm-project/llvm-kain/
2026-06-28	llvm	progress	Created execute-phase5.py v1.1 — safe Phase 5 execution script with 10 modes: --backup/--dry-run/--execute/--reverse/--status (original) + --sandbox-prep/--sandbox-apply/--sandbox-build/--sandbox-report/--sandbox-cleanup (new dual-safety-layer). Sandbox mode copies entire tree to temp-build/ for safe experimentation before touching real tree. --execute now REQUIRES sandbox build to pass first. Script has NOT been fired yet. Created phase5.cmd batch file.	scripts/phase5-layout/execute-phase5.py
2026-06-28	llvm	progress	Phase 5 layout planning: created scripts/phase5-layout/ with 5 safe analysis scripts. Generated reports: current-tree.json (487 dirs, 6,387 files, 135.1 MB), file-movements.tsv (5,605 files to move), broken-includes.tsv (37,622 OK, 999 needs-review, 49 dropped-lib-refs), phase5-summary.md. All scripts are read-only — no files modified.	scripts/phase5-layout/
2026-06-28	clang	progress	Phase 2 complete: stripped Clang to C-only. Deleted 18 dead libs (Driver, StaticAnalyzer, CIR, Format, Tooling, Index, Interpreter, ExtractAPI, InstallAPI, Rewrite, CrossTU, DirectoryWatcher, DependencyScanning, APINotes, Support, Testing, IndexSerialization, UnifiedSymbolResolution, ScalableStaticAnalysis). Deleted ~428K lines C++/ObjC/OpenMP/HLSL/CUDA from Sema/CodeGen/Parse/AST. Deleted tools, test, docs, examples, bindings. Trimmed Headers/ from 274 to 41 files. Clang: 173 MB → 88 MB. Post-agent cleaned 11 survivor C++ files.	clang/
2026-06-28	root-projects	progress	Phase 4 complete: deleted 19 dead entire projects (bolt, flang, flang-rt, libc, libclc, libcxx, libcxxabi, libsycl, libunwind, lldb, mlir, openmp, offload, polly, clang-tools-extra, cross-project-tests, third-party, orc-rt, llvm-libgcc). Deleted compiler-rt non-builtins (28 sanitizer/lib dirs). LLD non-essentials. Clang cmake/caches. llvm/utils non-essentials. Saved ~5 GB.	(root)
2026-06-28	llvm-core	progress	Phase 3 complete: deleted Coroutines, ObjCARC, HipStdPar, Instrumentation (Transforms); MCJIT, RuntimeDyld, profilers (ExecutionEngine); LTO, ObjCopy, ObjectYAML, MCA, XRay, DWARFLinker, DWP, Debuginfod, CAS, CGData, FuzzMutate, FileCheck, Testing, TextAPI, Telemetry, InterfaceStub, HTTP, LineEditor, ToolDrivers, WindowsDriver, WindowsManifest, Plugins, Extensions, Fuzzer, ABI, SandboxIR, Frontend, Bitcode/Writer, DebugInfo/ (lib + include). All tools. All test/unittests/docs/examples. 14 IR dead files. BLAKE3/rpmalloc/LSP/Z3Solver/Unicode in Support/. 7 AsmPrinter dead files. llvm/ now 261 MB (141 MB lib, 87 MB include).	llvm/lib/
2026-06-28	llvm-core	progress	Phase 1 complete: 23 dead target backends deleted (~152 MB). Only X86 (19 MB) + AArch64 (18 MB) = 37 MB remain. X86/MCA/ deleted. CMakeLists.txt hardcoded to 2 targets.	llvm/lib/Target/
2026-06-28	llvm	correction	ARM + RISCV targets confirmed DROP (not MAYBE). ARM is 32-bit, RISCV has no timeline. Restored 27 MB.	llvm-kain-directories.tsv
2026-06-28	llvm	decision	SelectionDAG and GlobalISel both KEPT in stripped build. Only DAG-specific files (~577 KB) droppable, not the full 5.9 MB PART1 claimed.	LLVM_REFACTOR.md
2026-06-28	llvm	insight	The 21,790-line mod.rs in crates/sys-codegen/ IS the real KNIR. No separate crate needed. It's a dep-free text emitter that preserves all Kain semantics through TypedProgram.	LLVM-agent.md
2026-06-28	llvm	progress	All 55 research TSV files created in z__research_tsv/. Rosetta stone (llvm-kain-directories.tsv) has 326 rows with reconciled KEEP/DROP verdicts.	z__research_tsv/
2026-06-28	llvm	progress	LLVM-agent.md created. Contains arch overview, 7-phase strip plan, file map, workflows, critical corrections from MAP-7 verification.	LLVM-agent.md
2026-06-28	llvm	tool-quirk	inkwell crate declared optional in workspace Cargo.toml with zero imports in any Rust source. Vestigial — remove from workspace when cleaning up deps.	Cargo.toml
2026-06-28	llvm	blocker	LLVM Bazel overlay at utils/bazel/llvm-project-overlay/ must be patched to reduce targets from 20 to X86+AArch64 only. Patch file needed in tools/bazel/patches/.	utils/bazel/llvm-project-overlay/llvm/targets.bzl
2026-06-28	api-map	progress	Created 4 chunk TSV files (139 rows) mapping every Rust fn in z__research_api/scripts/06-09 .rs files to Kain concept, LLVM IR pattern, LLVM-C API, and line range. chunk-06-functions.tsv (45 rows): helpers, actors, JSX, signatures, prescan, consts, modules, debug. chunk-07-semantics.tsv (28 rows): actor, runtime ABI, impl, shader, entangle, patch, law, axiom, pulse, converge, world, orchestrate, function compilers. chunk-08-stmts.tsv (24 rows): block, scope cleanup, RC/ownership, defer, if/stmt dispatch. chunk-09-exprs.tsv (38 rows): numeric builtins, direct call, stage call, stdout, assert, macro, compile_expr (50+ kinds), 20+ compilation tests. All 137 llvm_kain.rs functions mapped (excludes preamble dupes).	z__research_api/scripts/
2026-07-05	build	insight	Attempted to build all Clang C-only libs in build2. Root cause of failure: (1) LLVMAsmParser fails on FunctionSummary/CalleeInfo stubs in LLParser.h, (2) clangBasic fails because DiagnosticCommonKinds.inc (tablegen-generated) has only 3 entries vs 3500+ hand-written enum needed, (3) clangLex fails due to ~1376 missing diagnostic IDs in ModuleMap.cpp and PPMacroExpansion.cpp, (4) Builtins.inc stub has only ~25 entries vs 800+ needed builtin IDs. Conclusion: Clang C-only build requires either (a) a working clang-tblgen.exe to generate .inc files from .td, or (b) massive hand-stubbing of all .inc files (~500KB of enum values). Estimated effort: 4-8 hours with clang-tblgen approach, 20+ hours for stubbing. Recommended: build real clang-tblgen from copied source.
2026-07-05\tbuild\tprogress\tPHASE 2+3: compiler-rt builtins BUILT (167 C/ASM objects -> lib/clang_rt.builtins.lib). lldCommon BUILT (13 objects -> lib/lldCommon.lib). LLVM core libs rebuilt in build8/ (Support, Core, Demangle, Option, MC, TargetParser, CodeGenTypes, Target, CodeGen, Analysis, Passes, BinaryFormat, Object). llvm-tblgen rebuilt with all X86 backends. X86Gen*.inc files regenerated from X86.td (14 files, 1.2M lines total). lldCOFF blocked by X86CodeGen build errors (missing isCTESTCC from GenInstrInfo, class definition issues in X86InstrInfo.h). Remaining LLD targets (ELF, MachO) also blocked by same X86/AArch64 CodeGen dependency. Next step: fix X86CodeGenPassBuilder.cpp include path, fix X86InstrInfo.h member function issues, then build lldCOFF+lldELF+lldMachO.
